customer_id,churn_prediction,churn_probability
767114958,0,2.755646732126547e-05
708123033,0,0.00023741363209682615
715424283,0,0.0006020159236959272
717865008,0,1.7141053879428504e-06
710188308,0,0.0001455474559276492
716574033,0,1.3606912218455025e-05
713183508,0,2.5927587559478447e-06
718583133,0,0.0003062113376037802
783554958,0,3.5580138784936785e-05
714418158,0,5.495558074897293e-05
710061783,1,0.9999903380795282
716225433,0,7.559867561131885e-05
788327358,0,9.460881128069799e-05
714847983,0,1.0449801516000162e-06
720031908,0,2.3472825060424497e-06
713700258,0,8.540746701116432e-06
721265883,0,0.0011455318575937532
715321008,1,0.9999738148466226
717831783,0,3.714561084096647e-05
711480108,0,0.0009752777626110661
797638383,0,5.352324340917164e-06
709950858,0,7.196843493873659e-06
717060858,1,0.9999719397163144
716045508,0,0.0009202631441668215
787482033,1,0.999743091301009
719601708,0,1.0997145346990133e-05
717683583,0,1.0583347018181767e-05
813905508,0,0.00016613841485332877
769985883,1,0.48957697242640213
718927533,0,0.0004141967218201514
784868958,0,2.181639481855397e-05
787539333,0,7.704701380025378e-06
789871233,0,3.6135947146340525e-06
826061508,0,5.189607224530913e-05
716354883,1,0.999888616758295
717678408,0,7.712235736335547e-05
715341858,0,0.0004005729858653146
713003358,1,0.9999748616586817
713374533,0,2.741795942834278e-05
709985133,0,0.00021998598265541422
771204108,0,2.4517760018846756e-06
713758758,0,5.54442293842977e-05
709453833,0,4.92518114622579e-05
713227233,0,6.889401695675637e-06
714967233,1,0.9528787922033932
714358008,0,0.0003129023087875951
779514558,0,6.812140738309874e-05
794498733,0,3.07870293558263e-05
793015083,0,3.4905683476785066e-06
789212883,1,0.9999921200401806
718677858,0,2.7821291500547736e-05
713675658,0,4.315637451171265e-05
719523108,0,7.956697228420213e-05
708390633,0,0.0002502354110217754
715098333,0,2.3700831393164257e-05
712060158,0,2.984412560961719e-05
716831508,0,0.0012215130862060887
778172583,0,3.918543460425229e-05
789430083,0,4.2689054774106045e-06
709996833,1,0.9977655097002489
708890133,0,0.0001493795029963138
773332908,0,2.333216848379784e-06
715870758,0,7.329649061505215e-05
789363408,0,8.869198210744094e-06
779118708,0,2.5356445787609944e-06
710544033,0,8.044597110623852e-07
717500133,0,2.764828264023332e-05
712046808,1,0.999353247941448
815484783,0,1.0254629710243714e-05
713843283,0,8.403397614405184e-06
717260058,0,0.00028964814201955577
773383158,0,9.248037809933455e-05
711041508,0,0.0002701988410064015
816843933,0,3.5404329968441055e-05
715043508,0,0.00012560709190386805
717241233,0,2.1266527602043132e-05
717521508,0,4.9568634189562583e-05
708331758,0,3.223740453752841e-05
715571583,0,1.3468898708037748e-05
711146358,0,0.00046232023794121383
789594108,0,1.3260623378897833e-05
779327733,0,0.00014788976713479984
711391308,0,1.578391644539528e-06
718994583,0,0.0004130558532564277
718212633,0,6.149513909000366e-06
711861258,0,0.0016592414520963821
718123608,0,1.3637454794358757e-05
718958583,1,0.9912765104830342
772207683,0,0.0001235231555317321
719629308,1,0.9891103568653594
708303108,0,0.00048079985537886194
788957358,0,8.730348768379657e-05
708727983,0,0.00014095616893867964
714217908,0,0.0025330545956136793
708928908,0,0.00224527958884247
712411908,0,2.734977211490821e-05
771075258,0,0.00022715811293090913
717866133,0,0.00011910185697538772
713652783,0,0.0006765690312819619
714076683,1,0.9999785630091327
803963808,0,1.5230174659400974e-05
778968408,0,1.2606964362049259e-05
720064158,0,6.581139332763593e-06
778921908,0,2.454488873100284e-05
770878458,0,4.180615870232308e-06
786087633,0,2.5834687984009135e-05
788752833,0,0.0007949282794583361
766006758,0,0.00021845527599941998
710342508,0,1.119206378978434e-05
711422358,0,6.7798722826788e-05
778574283,0,4.945286259309061e-05
709987683,1,0.9999997265669361
821168733,0,5.987148256728961e-06
717765183,0,2.4121061462838466e-05
708723858,0,0.00013056185104176824
720618033,0,3.0187173982459645e-05
718899708,0,0.0005615218028103445
716437533,0,0.00027926586576807713
717491058,0,5.726264607593049e-05
711029358,0,0.0015228801878063652
716768808,0,2.2595329020213374e-05
801056358,0,3.09580572945402e-06
779210283,0,5.438661028208538e-06
718441308,0,1.1510410612018717e-06
713241033,0,0.0018672060307762413
711064008,0,0.001495241854308537
772137183,1,0.9998964943392814
788739633,1,0.9895190066165435
708953883,1,0.9999303294701447
716549058,0,0.00010587374024769336
824789283,0,1.3412368727548269e-05
788252358,0,1.5617560948872712e-06
819752133,0,1.464381363826949e-06
716944983,0,0.003268125368710042
716545383,0,0.0005677466906133304
720836808,0,4.2513509612410604e-06
783361533,0,2.128329331605647e-05
710893533,0,0.0004581228705309466
709793133,0,0.0002769370853400421
716609433,1,0.9981556323343163
715222533,1,0.9996824433206898
713597658,1,0.9753905081197285
720837708,0,0.0006006684400471578
786546783,0,0.08303256454118099
778747608,0,4.219849804909871e-05
801385458,0,1.2807142443320471e-05
720844008,0,4.956128979336438e-06
754443033,1,0.9995456106215015
799486158,0,7.2808171264645005e-06
798140283,0,0.0019666157443500054
772036233,0,0.0004249396910910769
711427458,1,0.11318714585768645
712727283,0,5.100628638939897e-06
710754933,1,0.9997369055372911
709938708,0,2.019737161784059e-06
710831133,0,0.008449029026594864
715570533,1,0.9999192732118467
794576058,0,6.2812716160841034e-06
786557358,0,4.9800340441506695e-05
708212658,0,6.352855202965191e-05
818993508,0,1.561021835983932e-05
718466883,0,6.359205784430573e-07
717085983,0,2.117995347994357e-05
709986633,0,7.344914935297475e-05
779348358,1,0.9998467310690875
752944533,0,0.0014289594724532888
712340733,0,0.0009762534808482779
814459833,0,0.0026806072093496607
718373658,0,8.799131632468777e-07
771359958,0,0.00026174990200611556
779198133,0,0.0001357702262607377
788618208,0,0.00030145303034583953
712288158,0,0.00015206261954035382
711838008,1,0.9966292199309803
710202783,0,4.9072646064537515e-06
771976683,0,0.0012790046780540767
716176683,0,1.786945615656819e-05
711278283,0,0.00010767188472708679
715019883,0,0.00026585547330505255
720292983,0,8.516141539341604e-05
716498883,0,0.00010246826357857177
713798958,0,0.00010745140074445819
716939358,0,5.707928807931117e-05
709005633,1,0.999472299193888
795573333,0,3.6992277609717043e-07
771069033,0,1.104728326036659e-06
801709308,0,1.7538040344337572e-05
716345283,0,0.00044851309519153287
714835833,0,2.553800872977135e-05
779783508,0,1.3762820396215143e-05
825767658,0,1.074467527572001e-05
717575958,1,0.9998956350206359
720753183,0,0.00023393327355021134
711766758,0,0.00012749156835389078
711397533,0,8.762411239358688e-05
767058183,0,0.00030562875454220943
788864508,0,4.5340275663289805e-05
778377183,0,1.943045719233393e-05
710844408,0,0.00016826683425345102
714919308,1,0.9998877494683627
708874533,1,0.9999819447650754
778356408,0,3.5979813037583564e-06
769035933,0,3.363782679379817e-05
771228183,0,9.629391748987947e-06
772539558,0,0.0014395322293755189
714045783,1,0.9999922858523879
809797158,0,0.00024995175752780865
719531133,0,0.0016074729349622003
719192808,0,1.220315287035391e-05
720662508,0,5.8113519282527735e-05
820848408,0,1.0819585634740931e-06
712412958,0,0.00018740397897223257
778984383,0,2.9000395372437845e-06
712865583,0,2.4204767541172435e-06
819997983,0,9.44558817728265e-06
718301508,0,2.460699416320598e-05
789197508,0,6.425965805859611e-05
809459733,0,1.9657875131552387e-05
813901458,0,2.4322267238256306e-05
772360683,0,0.0013813843462165511
779725833,0,4.4112790153495335e-06
712996833,0,1.2204702684014713e-05
779681433,1,0.9739862264298581
787591008,0,4.3002854005385477e-07
712642533,0,7.404231536069819e-06
721051908,0,2.4132455497639378e-05
715503558,0,0.00017743680336398577
709841433,0,0.0006213319479002612
710424408,0,0.001627348629583396
709592808,0,1.4703095067912682e-06
788038383,0,0.001956439200558798
714363858,0,1.802089316322001e-05
815015283,0,0.0029347901086555473
771336783,0,1.1003304901628606e-05
738899658,1,0.9998713860880443
796170933,0,0.016497503520381245
720992883,0,0.0002187937221570172
712238958,0,1.0618507294151885e-05
718530258,0,0.00011436550906449402
711794358,1,0.9984459268795078
716366208,0,3.03464010293166e-06
770038983,1,0.9992547768492035
709937583,0,7.5822396172964175e-06
787623858,0,0.00017076489956957734
711676008,0,0.009426971074366599
812218908,1,0.9999547265275497
720281508,0,1.2562809730578701e-05
721139808,0,0.000590314249981153
709990983,0,0.0009338514507018348
718244958,0,0.0005888243482754455
756639708,0,0.00011569880562487785
718645308,0,3.5116031475565325e-06
717389433,0,0.0003636307178815178
779310033,1,0.9999948320197081
717192933,0,7.652982913745123e-05
718379358,0,9.581536827436012e-07
779661033,0,4.687882777127034e-06
715880283,0,2.4016055007434014e-05
719469333,0,1.325892351182939e-05
708974283,0,3.1264576217424914e-05
789859833,0,0.00028814948016021185
772339383,0,0.00037980655639243067
716319258,0,1.8662923533268253e-06
720330558,1,0.9999865775861767
789827208,0,0.0002462509372394658
751450008,0,0.00018581923073163951
789791808,0,6.952278730237953e-06
717321783,0,0.0003727943790710271
712549758,0,0.0006769778628602147
712470033,0,0.00027877764337005305
719291283,0,5.974132293559984e-06
720413658,0,2.3786713990820862e-05
709230708,0,0.005812997664661225
708384033,1,0.9920550117187029
715029333,0,0.00011559241697821219
771040758,0,0.001368719686315829
711635358,0,1.209277377697661e-06
716604633,0,0.0004131964365007058
716438433,0,1.8152041736229427e-05
711216933,0,5.73712861449201e-06
713916708,0,5.117015723185083e-05
710106933,0,0.0004591928914004875
806189658,0,1.0862915715094773e-06
770632758,0,0.049414575884013254
789238683,0,0.0005179598439619559
711873033,1,0.9977092431897256
720384633,0,5.687598624696523e-05
712181658,0,4.679845652603552e-06
714957108,0,7.175397597764791e-06
720247158,0,0.007817769722628865
772313358,0,1.3430419815739782e-05
803652633,0,0.0011566459615271554
771422883,1,0.999968956647152
718009158,0,8.907509045632062e-07
712612233,0,7.230789623891309e-05
709901058,0,6.4046128315682025e-06
716682258,0,3.7421205740143488e-06
711478233,0,0.008919904661665383
720040158,0,0.0002211623598192504
720212508,0,3.3270412986429897e-05
787605558,0,5.3328031721625e-06
780557658,0,0.002848487290248922
709952658,0,0.0002209982723754455
793379058,0,3.129050483158483e-06
716971833,0,0.00010690734245711669
720997383,1,0.9991479782518464
827111283,0,0.00042323456438587894
769396158,1,0.9999875263674091
820085808,0,0.006630581530075706
780349833,0,2.2773911657976958e-05
715964058,0,1.4528137186575426e-05
771903033,0,6.432812711940785e-05
802668333,1,0.9997680688414923
718504983,0,0.004273898410679798
714882258,0,1.9065407462918547e-05
714211533,0,0.0044228824547931376
720198183,0,6.050802593612519e-05
803587533,0,2.285234417431416e-06
720050208,0,6.180078879656246e-05
771058908,0,0.0011045390234624955
708971583,0,0.00016126899058399984
788812608,0,0.00010016972831522562
805282908,0,2.155319358476454e-06
717403158,0,0.001138972620982633
718418958,1,0.9999823177813012
721374033,0,6.314429797704169e-05
710849208,0,6.679524972932961e-06
771823308,0,0.00029582970783594665
719019483,0,0.000509429080124398
769927533,0,2.171108840206782e-05
718951683,0,2.322131629443296e-05
709666908,0,7.5836400384676e-06
719857008,0,2.746024262466009e-06
788709408,0,3.4544390475314544e-05
710641008,0,0.0003396204710491918
815812683,0,0.0001276599212316948
717624708,1,0.9999810936737977
789398733,0,8.857354541356917e-07
716136333,1,0.9994841281538156
715162608,1,0.9994470523693139
710822808,0,9.632290290729363e-05
714147858,0,2.8350926190683093e-05
767333808,0,7.205175036185927e-05
719654283,0,1.7172329426616046e-06
766273533,0,4.970615700969344e-05
779601783,0,8.305737274603911e-05
711370458,0,0.0001065488213742483
715519983,0,1.2150282804697303e-06
788782008,0,0.001161040063462896
787595658,0,3.2458581185048614e-05
758211483,0,1.092152118839385e-05
710637183,0,3.378709065525449e-05
712144158,1,0.9985987803359293
715378383,0,2.763091972616381e-06
771061008,1,0.9995025045505398
719583558,0,2.7699276624903587e-05
810986883,0,7.234589374222582e-05
788797983,0,0.0012191546854741797
815104608,0,0.00019577628784080606
715369008,0,3.084122270260351e-05
713418558,0,0.0010682743621578106
708332808,0,3.425605540543219e-05
719729433,0,0.00027885657054513253
789022233,0,7.206699108315371e-05
714234858,0,1.943223843910328e-05
709170108,1,0.9999977029906957
779727558,0,0.0014816872059359716
708245808,0,3.2501698301462694e-05
778255083,0,1.3601680828961067e-05
718755483,0,3.096804068363942e-05
712627083,1,0.9524890553119942
788990508,0,0.0001701023296830232
804437658,0,0.0004901514981764061
778430733,0,0.00021433411730663709
808747233,1,0.9997997839664029
710555433,1,0.9850283462446398
708826158,0,7.581734859027922e-06
717023508,0,6.39053364748613e-06
719694408,1,0.9829446885358976
710014683,0,7.198793229619044e-05
815596608,0,2.0855689746169435e-06
712721358,1,0.9995521522657247
716870583,0,0.00019406333756489462
780076833,0,1.5531043414739933e-05
793616883,0,8.066433031639694e-05
789105183,0,0.00018420634322478542
817970208,0,0.0006881834785253831
779844408,1,0.9999909386496346
719206308,0,0.00038725090722671905
721269108,0,3.868374312131733e-05
772139433,0,0.00012494105964533885
717042333,1,0.9998582827437968
710273658,0,3.947219313251192e-05
716626008,0,7.753724488851154e-06
716230158,0,5.542983296751634e-07
713010483,0,9.418265967941342e-05
711220683,0,7.225985820260821e-06
721398858,0,1.7537651695090902e-05
779400183,0,0.0004175841569547188
789964983,1,0.9996480584339156
715102308,0,1.4179457385192128e-05
712730583,0,0.0003217589890231336
718870158,0,0.00016500329130431635
719484408,0,0.0008676781703773219
720244983,0,2.2216625012292046e-05
781306758,1,0.9999043636139092
779412783,0,0.00030274319437601784
721217283,0,6.536100948460113e-05
815062383,0,0.00010797314245802756
714155283,0,3.0689360062786705e-05
716981358,0,2.5629248578402333e-05
824915208,0,2.4974539075118906e-05
708498033,1,0.9996216608232226
716860233,0,2.218557157648108e-05
709839858,0,5.578140944413948e-06
713144208,1,0.9999950729751104
708573933,0,7.396498785020068e-06
712579983,0,1.4537501110219809e-06
790099758,0,0.0024736614825673618
711305208,0,7.391617167165675e-05
720062508,1,0.9999479807715927
708205083,0,0.0001452971658039212
772336458,1,0.9999340814130417
710986758,0,5.7742526727105575e-06
789271533,0,0.0002466716649479787
711360783,0,7.845835996743998e-05
714035283,1,0.9998714521460436
720415833,0,3.8827512571035854e-05
778873608,0,9.813801548947043e-05
718661958,0,0.0006756768415567413
719026383,0,0.0027837513574507492
710229333,0,5.5409756478692226e-05
720437358,0,0.001199998138031077
811467708,0,6.582480152382109e-06
778933983,0,0.00010201476484827882
719413383,0,4.442483670268382e-05
718252533,1,0.985046656774303
718188858,0,5.4880081884656577e-05
711382458,1,0.9996986643334835
721212258,0,4.438053171781463e-06
717600483,0,0.00011901820793669556
761544333,0,0.0011990937934054401
809425533,0,1.567444550209633e-05
709678608,0,0.0001476394766644551
713151258,0,1.8125311229660597e-05
715345833,0,0.00315649786271918
720776508,0,6.0947557991043336e-05
720689583,0,1.0985870245821035e-05
801728658,0,0.00028255261661754667
718979733,0,0.000152602388338021
721163133,0,0.00030200946513430873
710595783,0,0.00012582451476023646
714781908,0,7.394209228696146e-06
709618308,0,3.07574303641737e-05
713971608,0,1.0833233100855666e-05
718020408,0,4.273170961389668e-06
716513358,0,4.977421673319573e-05
710401458,0,0.005233156546632202
712177908,0,7.635135975259002e-05
719216508,0,1.0478737120642187e-05
711017433,0,0.00025731980518633714
788386908,0,2.0812021605881723e-05
710819733,1,0.9995951802827657
711978858,0,5.9331134011651404e-05
807136758,1,0.9994983535082386
716138958,0,0.00010881748668371316
713070033,0,3.7508335045684495e-05
827055333,0,0.005543119769610779
827408058,0,3.56624423341816e-05
793608258,1,0.9999131289286929
717013383,0,5.312254363774877e-05
714320358,0,0.03447536038130738
716948283,0,9.802946922866339e-05
717657333,0,0.009720143442750517
788687133,0,0.0007640869379125872
710736558,0,0.0009547148737456997
708721533,0,0.0022355881444803653
817108083,1,0.9997263397494469
719737833,0,0.0017385403571410882
813967983,0,3.26081806211342e-06
771464808,0,1.0318484554782839e-05
713025558,1,0.9984517350663037
779016408,0,0.0005769651351893215
712096758,0,1.412852721533417e-05
789523683,0,7.905343666578414e-05
713177808,0,1.122233055456382e-06
718777008,0,0.00058360664267916
711004533,0,2.4300653782819428e-05
720046458,0,0.00013680617258083084
710453283,0,0.04271087258015359
708736608,1,0.999822926103483
778908783,0,3.472084970772147e-05
716056158,1,0.9999809355432302
773257233,0,5.425283503619242e-05
711371208,0,2.6413953723149078e-06
711831558,0,2.129543184570446e-05
712164333,1,0.9988793597389712
780126033,1,0.9985808857125335
821889858,1,0.9995926582140316
779656908,0,2.137653202990311e-05
766821033,1,0.9958455259360658
789196158,0,0.0007460502897383249
714228558,0,5.418865190458528e-05
827360883,0,5.535800707663057e-05
712815858,0,0.0007400725072313492
714533058,0,1.2794354311421674e-07
790149483,0,3.864403769213291e-05
771584658,0,4.981265108763556e-05
814181433,0,0.0005267051703917096
788761608,0,2.010454452389115e-05
709009833,0,0.0002629559190496889
708244458,0,0.00020291775313264975
797998158,0,1.9984233517994994e-05
808279158,0,1.45256280925497e-05
804601833,0,0.00044018925037069023
789690483,0,0.0005367606117504533
819109308,0,0.00016445678830173178
739317558,0,1.6216097046510275e-06
721305408,0,0.00012355176272374209
716535408,0,8.567398342628629e-06
719391783,0,2.2544478425099982e-05
780602733,0,1.0297739037638805e-05
789556533,0,7.03937060748307e-06
713422083,1,0.999775182799004
721506708,0,0.0002093839156199285
715774833,0,0.0001880528332216576
714962658,1,0.9999992216846565
783561558,0,4.73607857013745e-05
826709658,1,0.9999684812387716
790017858,0,0.00040614369488419395
712319958,0,0.00037702548186016707
717483558,0,1.5234653723554361e-05
713985183,0,0.0002326004443758045
708404883,0,0.01031574249810117
717208833,1,0.9823312151641086
816091608,0,2.7678750608955604e-07
709087983,0,0.0002173851960741196
710763783,0,0.0003555549326699546
719018208,1,0.9973313098721993
713976258,0,1.563335273214109e-05
709554483,0,8.721787975006292e-05
794485158,0,1.4508092623490008e-05
718795083,0,2.930974080489413e-06
826451433,0,5.9749725835673254e-06
826717533,0,7.515098106520099e-05
715294083,1,0.9224641848193795
779187783,0,7.116588224897214e-06
719513733,0,9.748118103144442e-06
709816158,0,0.011461084119254112
711720408,0,0.00015237372514556816
714960408,1,0.99999146091971
770746908,0,4.7367371897947546e-05
716101308,0,0.00011689714907872467
809825358,0,1.3194345356376198e-05
719826333,0,5.466654567029083e-06
710207208,0,0.00024810749283505924
720128658,1,0.999294795267314
780727833,0,0.0015146626893925304
802247658,1,0.9870658020446196
717787533,0,0.0049847880150811616
721115733,0,8.517277611250879e-05
709446783,0,0.0010441937398213727
784719708,0,0.00014509981301361044
718570158,0,0.007975187209330463
709965858,0,4.866289911041389e-06
757594083,0,0.00024297447031929915
789599283,0,0.00017550460246099994
718947558,0,2.1369314114564934e-05
721147383,0,1.03348100553561e-05
720683958,0,0.0007198694629259463
780657708,0,0.00020267618800329834
713935533,0,1.8014128618114633e-05
713948808,0,5.896906614548324e-05
715406658,1,0.9992611120071339
772640808,0,8.096571239559462e-05
708496833,1,0.9985434487916509
804847308,0,5.223039593789733e-06
716931183,0,2.782197583956025e-07
714030183,0,0.0014163966568018983
809296308,0,3.561818542260092e-05
708358683,0,4.92648729074073e-05
794664183,0,4.071658835195422e-06
712475733,0,0.01027247362894492
708770883,0,0.00036417973307591823
821339433,0,2.7113704853980106e-06
709206333,1,0.9993638800675815
806914158,1,0.9999970340753983
709607733,0,5.4497790738337715e-06
712843983,1,0.9870028199870575
780511683,1,0.9849448301104442
709161108,1,0.9321247903704817
708272808,0,5.0673804836818747e-05
708680583,0,0.00010990547975270674
708712833,0,0.000156254327185676
711947358,0,1.4078785136608383e-05
719634408,0,3.3506118299133165e-05
718267233,0,0.0006215017251476226
715479483,0,0.0048789678501090904
711164508,0,6.111304076593512e-05
719294433,0,3.0351505305662907e-05
714412308,1,0.9995170156640875
716434533,1,0.9999891566995973
719061933,0,0.0006250367535573461
719091333,0,8.356167467540927e-05
716573058,1,0.9999762911820679
740784258,0,1.8816534668442272e-06
711863433,0,0.000384020154083435
780529908,0,3.072971462073442e-05
715132758,0,1.4005119852917459e-05
713934633,1,0.9980937504365851
827423433,0,7.173607450614365e-05
708385533,1,0.9992398669383202
789407958,0,1.1717544674991763e-05
712589658,0,0.00016583377433894965
714759708,0,0.0005303115187631416
826068183,0,0.00043995040845397603
709913733,0,0.0018663779984502099
789744033,0,0.0006296622221186408
710926383,0,7.471542119351215e-05
714052158,1,0.9998479457207002
714900408,0,0.046088580333975636
787532808,0,1.9368515869016716e-06
802449933,0,4.123682028163852e-05
755996583,1,0.9999896744122075
709625733,0,0.0003240662688620107
719686458,0,0.025096100232845458
708642708,1,0.9999989279793812
790082508,0,0.00021871302645010387
713205108,0,1.4858572607601032e-06
710838108,0,0.001313935028064655
714427608,0,1.9672005689582657e-06
711655683,0,3.340446470683106e-05
826168083,0,3.579891459554407e-05
708553008,0,0.03086843328729542
719554758,0,0.0004527821956676185
820383558,0,0.00011771984267058899
817293258,0,5.526742446702801e-05
709275558,0,0.0004181671779620985
816078708,0,2.648424015366595e-06
719490108,0,0.0004433348965256289
710410158,1,0.966769235277915
813961233,0,4.402544842298523e-06
714259533,0,7.85728686168291e-05
713550483,0,9.562602220314723e-05
719073483,1,0.9967471452877774
710428308,0,3.767215083801014e-06
779340183,0,0.0006957945722739571
788820933,0,1.3781253117799867e-06
798022683,1,0.9997564960345493
717273333,0,4.0048366189866145e-06
713952558,1,0.9195216742795571
712545183,0,0.004420167816808128
789611283,0,2.3040368135962777e-05
713339283,0,3.5448220604941626e-05
721032633,1,0.9998686449929906
719953383,0,0.0001727289298099869
712814658,0,1.9255767145107925e-06
711764733,0,0.001129494105470365
715915458,0,2.9017109903455877e-05
720712533,0,6.533370589971915e-06
709984083,0,3.6594461456713956e-06
719268333,0,1.2661205343028717e-05
790048158,0,0.0010067089127267094
717856983,0,0.00024570636402696016
715545933,0,4.398422691913852e-06
709861008,0,8.33110185033249e-06
712863183,0,0.0003096660381354321
712423233,0,1.3141052738852608e-06
711648708,0,5.559315771965899e-05
714864333,1,0.9983215938782845
788830683,0,2.7777080303730423e-05
719358333,0,0.00047250268006354543
789541458,0,3.4898726802083708e-06
711589758,0,2.600899182683366e-06
711574008,0,0.0018585220082265143
779548008,0,9.159558313548113e-05
801037833,0,4.78318515183866e-05
720924633,0,0.0010133846173598102
718596858,0,0.0008659104170039666
737967708,0,2.067183123524693e-05
798110358,0,0.005688472177317985
789582483,0,4.648547406266212e-06
710529708,0,0.0019156883136383748
789526458,0,0.0010430439468610997
711039633,0,0.008281938339400143
828294933,1,0.9979927557950655
720422358,0,7.686495150646222e-05
720252858,0,0.0031903558740803114
788966958,0,8.236623570304887e-05
714435408,0,0.0001036550433138893
713453733,0,3.1122087399323026e-05
711208083,0,1.4665234290849026e-06
721220583,0,1.8362107895839075e-05
720205608,0,7.009260381810216e-05
789983133,0,0.0003520942002625309
787581858,0,0.0003400921139605904
708705783,1,0.988780736565373
717234183,0,0.0008406956712660081
808705758,0,3.2760691724035424e-06
711183558,0,0.0021644577464269613
812979408,1,0.9999373097265023
715354008,0,1.472298721144109e-05
721062408,1,0.1158541705892447
712410858,0,5.840958628447893e-06
779116158,0,0.003422796818187396
712866933,0,5.065999546436705e-06
710411358,1,0.9999612734777308
771881283,0,2.0264056790214114e-05
715363908,0,0.006307842601677197
789560433,1,0.9994826249071002
709752183,0,0.00016485392632705254
807161508,0,0.0007878460532650876
708393633,0,0.0004769166796864058
771886233,0,2.1254404237436788e-05
716930133,0,0.0012553448398479434
809937933,0,1.7486267385645653e-05
816596583,0,0.00036743635882293736
718803333,0,6.510617499098974e-05
795237183,0,0.00031995154270542917
720419358,0,3.40673496946439e-05
719514783,0,9.432356295184671e-06
780374133,0,3.61186096412654e-05
810868758,0,1.0571049230587227e-05
714286383,0,3.0825099095040794e-06
708588408,0,0.00015450982072586124
813338733,0,9.574091585894385e-07
788826408,0,3.459284393971242e-05
713134458,0,0.0014808431299575672
716350008,0,1.0043728997247793e-06
738062658,0,6.184872161017848e-05
709449333,0,1.767141362431217e-07
718665933,0,0.00041053993220662593
748503708,0,5.998512561468745e-05
807141183,0,0.0010790022186365881
766381908,0,9.85039862346742e-06
822112383,0,7.682294110161445e-06
709061658,0,0.00010466210030611501
797166633,0,5.203241119386697e-06
789435783,0,5.8738859033603676e-05
708266883,1,0.9994581680293396
716793108,0,5.8710210945487374e-05
712253058,0,6.665177194802577e-06
716430933,0,3.978150177589747e-06
715746633,0,0.024878414579805923
714842208,0,7.443452277192809e-06
713879283,0,0.0006969446506275449
778679883,0,0.0005256911935024808
712110333,1,0.9999684045184564
720724008,0,8.881214432232685e-06
708387933,0,0.0001747173945790568
712165308,0,2.7494469164549967e-06
720283758,1,0.996941179787381
708473133,0,0.0016902313622424202
810493458,0,0.0001006640729594759
711122958,1,0.9995451945408036
721502958,0,0.0007680760976132996
715908558,0,0.00021348248557314747
711594858,0,2.203357885330539e-05
789513858,1,0.9999788800733884
712795833,1,0.999147277688681
719628033,0,0.0021608133904362685
718282983,0,5.631564428703614e-06
714121983,0,2.6576692582707873e-05
709791333,0,1.728743090789272e-05
779916408,0,0.00011785536330576893
711657783,0,0.00010576799573588153
780203883,0,2.5655695794112404e-05
709367433,0,0.001051594301299871
736145283,0,4.0476125515186606e-05
711516783,0,0.0005591718262337005
712104333,0,0.000123685939929238
711116133,1,0.9998098568519825
712988958,0,0.0002810947585944617
771201408,0,2.3185702489900585e-06
712011633,0,6.3044871232784014e-06
713579733,0,4.267632391331434e-06
796544133,0,0.0003248848409083808
709272333,0,6.695498543542548e-05
715153158,0,2.201095458459926e-05
779342958,0,0.00016425487751770294
810545733,0,1.770791787136893e-05
805453908,0,3.7536051400055434e-07
817086783,0,0.00011030575876925136
714943233,0,3.0342070024390256e-05
789097833,0,3.311098297546526e-05
759584958,1,0.9993623025191085
708886533,0,3.7809135308780926e-07
708761733,0,0.030651028940364183
711600033,0,0.0003424842607522161
769935783,0,0.00018630107590969256
717446208,0,2.9072526614528076e-05
721121283,0,8.177307172172299e-06
819151083,0,6.754438510489478e-06
716470683,0,9.808672663459579e-05
779643858,0,0.0009965589780614968
787665258,1,0.9996782952807196
787475433,0,0.00019651923965187282
717448383,1,0.9999326474115177
710812533,1,0.9998691968188236
716461683,0,1.4038390577482083e-05
814571058,0,1.2964154927540747e-05
712071708,0,0.010808738688251517
720769533,0,0.00033058609001262665
794581533,0,2.9258168293813448e-06
715732533,1,0.9980187824652528
708286683,0,1.159271824067026e-05
708543258,0,0.00024934775922958856
713809833,0,3.0149760688062538e-06
793636308,0,4.435835632387007e-05
789095958,1,0.9994471022500181
757722708,0,3.83989409668375e-05
738627708,1,0.9981287057700511
820353558,0,0.0005202253305696137
718739508,0,0.014468350643975949
788943333,1,0.9771568227418327
708397008,0,3.6659357616994395e-06
711392508,0,0.00017610906558558214
780653208,0,0.00013349289202972187
710251608,0,0.0027968856134864464
719354433,0,8.21962905102182e-06
710676483,0,0.00017026969777520412
826414083,0,9.230411701701484e-05
720673008,0,0.0006486180061870386
716736858,0,1.4548357020763945e-06
715660308,1,0.9994697010820326
785387883,0,7.05516485661046e-05
721028283,0,1.2362025592784085e-05
717797658,0,0.00012884273385318354
712390683,0,0.017274194686007632
717965808,0,0.0001793857049118606
721514883,0,2.2510334604309036e-05
718477983,0,6.981659201291384e-05
719671383,0,0.00016974419228238331
711191808,0,0.0003776912721347523
708637758,0,0.00015863970268969836
794675058,1,0.9998404540861014
720508233,1,0.8524762928860042
713094483,0,0.00016569083214602968
780064983,0,8.905078835713373e-05
710155158,1,0.9997409918836312
710904708,0,3.730578975955606e-05
801715383,1,0.9999517760085362
806889633,0,0.00018200091545661075
794831733,0,5.273002857787538e-05
712019883,0,8.536013525202748e-05
770956158,0,9.319461889407264e-05
778386033,0,0.019263752663273362
708147108,0,4.227330589680901e-06
710310108,0,0.00025946569141891085
771982083,0,3.5810335419007325e-05
714754533,0,1.2683216496326994e-06
717626508,0,1.469620743499297e-05
718328283,0,7.329131292291847e-05
716739258,0,0.00029144786855691857
714277758,0,0.00538482445780399
720210483,0,2.4542031846269897e-05
720411183,0,2.6037634248083136e-06
711379083,0,1.4074257488495176e-06
798558783,0,3.616306804086444e-07
713363583,0,4.179142139306777e-06
720339558,0,0.0001334299483197948
715008858,0,1.9796953399246132e-05
779037408,0,0.0017474150329232995
721513833,0,1.639022818916591e-05
714311583,0,4.8720472351027474e-05
797414733,0,0.007479500811631932
716864733,0,0.0006011230211572812
712924383,1,0.9997417684057132
719854008,0,0.0057525346906325105
771630783,0,3.0147138765631497e-05
771471708,0,5.294458109582567e-05
769463433,0,0.00023237054328774582
711377808,0,1.4294008871993874e-05
713133258,0,5.363018741087571e-05
718162908,0,0.035550229676228694
713257083,0,3.853811613690818e-06
772687983,0,2.7105885279224006e-06
711535158,1,0.999336213518529
799700208,0,8.890260491965988e-06
717177783,0,0.0008179437986320486
711402333,0,0.0001951303015278029
714304458,0,0.0013828037697018252
713347608,1,0.9996095030113364
718303683,1,0.9997408190810988
714317058,0,0.00017168016391091626
718152333,1,0.9999796708089724
716385033,0,2.200601246438806e-05
720674133,0,0.0035700556627474246
719153433,0,1.2348053422055297e-06
712765158,0,0.004130493875578758
713229633,1,0.999590826250839
712256358,0,0.0008310030083058049
717656433,0,5.280494559572945e-05
771081558,0,2.017950864178043e-06
710702733,0,0.0002943902877120285
779612808,0,0.0006287952267159504
713904708,0,4.831731417944069e-06
716546283,0,0.00022984576584890505
711670308,0,0.000214737203753915
710856558,0,4.520163163974971e-06
713639958,0,0.00030268988682078545
716987358,1,0.9996278986303626
720008133,0,2.8719377624315417e-05
710084883,0,1.526425849321253e-05
816476658,1,0.9537614521156659
778486008,0,9.828616459003695e-05
769053033,1,0.999928335517474
716171358,0,2.0067546506360033e-05
772684833,0,8.047395965234868e-05
709485033,0,3.5037184903006646e-05
713352183,0,0.00013874861107816253
712557708,0,3.389525068950414e-05
821149008,1,0.9995823906176549
711816108,1,0.9999886392162404
712532058,0,0.0001707066524527657
718811058,0,5.58659784177452e-06
713696808,1,0.9999817998850066
753233733,0,4.798409670827434e-05
717030633,0,5.031745896680447e-05
718320933,0,2.998783627618301e-07
714608583,1,0.9997486763900926
715942683,0,2.6894130925748064e-05
771356508,0,0.0005996113322880285
711326583,0,0.008851467370653095
714621183,0,6.757700224714691e-06
712805658,0,0.00012767436252312508
808981608,0,6.2280518328639316e-06
718337733,0,8.4080485318071e-06
715921758,0,7.5755009244623725e-06
779803008,0,3.662292941197941e-06
717195933,1,0.99999969398206
712562433,1,0.9999241515157727
769578108,0,6.878407743151115e-05
715442958,0,3.583456591442092e-05
708402333,0,2.7793023136259415e-05
719334408,0,0.0013661210531564494
788246958,0,1.0739204905005564e-05
780336258,0,7.115735067055711e-05
772706283,0,1.0157528700723226e-05
780684933,0,8.731678233230812e-07
712927383,1,0.9999971546843406
712820208,0,1.0799147219131045e-05
721434483,0,0.001222424850747718
720659283,0,6.550103937669477e-05
716004258,0,4.768772950075844e-06
713111883,0,0.0003378046479385569
772248408,0,0.0005499074717539075
787492908,0,6.959158144376628e-07
718227033,0,5.574676653830669e-05
711320508,0,1.8480081612013174e-05
718828083,0,2.3194133162050717e-05
709823733,1,0.9963670419439036
772116408,0,2.3033263334770132e-05
717355533,0,1.784527782934988e-06
715932708,0,3.152285595242039e-05
719679858,0,0.004032784755246293
772323033,0,1.82860283383786e-05
714168183,0,0.0005747595810106965
710719683,0,3.5603504049649055e-06
719876808,0,0.0003020306019383239
778894233,0,6.651675021505267e-07
712881483,0,0.032477728705993976
789481233,1,0.99913463899292
714767508,0,0.00019048047256879682
789144633,0,0.0020625285114650184
710635083,0,0.0014843701332122067
711557508,0,2.2161303394902348e-05
720650208,0,0.0029720684418368996
810856833,0,0.00019682915977216466
712828533,0,0.02440125758891033
714503433,1,0.9999908399688046
817245183,0,1.3245461507162433e-06
709106358,0,0.0024482845711661086
720179883,0,9.83375675953828e-05
816756783,0,0.00019827011893573532
812501358,0,0.00011043962883976987
717203958,0,7.437097633569546e-05
719661558,0,0.0006125998674800966
716297658,0,0.0037243612369308988
756065433,0,0.0015442068093113458
717076458,0,0.0005909218579165637
716586408,0,8.540357093982899e-05
719776608,0,0.005989536618060753
710268858,0,2.098529354111129e-05
719400108,0,1.6105818469640657e-05
715398858,0,0.001983282429270477
717359208,0,1.0375989916776404e-05
788595183,0,0.00018762092964992382
772082208,0,1.170555320918696e-05
720770883,0,0.0010919686193012225
716263533,0,3.3363816278171343e-06
719848008,0,6.549708290795069e-05
717073308,0,0.0006003402460377323
716277558,0,0.00019628669052050574
712010358,1,0.9996341810483829
709319658,1,0.9993173948570115
794665608,0,0.004841309759312297
708997833,0,2.2345651445036133e-05
717135333,0,1.0335561234495898e-05
795784008,1,0.9999256940459026
711728208,0,2.351467878910154e-06
737925558,0,3.0344658338351325e-05
719147208,0,5.985537202595127e-05
715941633,0,0.001674929720947963
714078558,1,0.9999023351041718
719453283,0,1.0950459340000537e-05
794507133,1,0.9989013592758629
710790258,0,0.00019153576956707367
755953308,0,0.00010998958528698093
712710708,0,0.0007867398383233283
717843783,0,0.0002406480867321649
710297133,0,1.7686983295141196e-05
716222808,0,2.8768186066424e-05
714069858,0,0.002058805433216011
787659483,0,0.000416592911371097
757167633,0,1.1609596380889436e-05
717207408,0,0.0001230288669867214
778224858,0,8.524310696289375e-07
709103358,0,7.246255605241188e-06
816829608,0,0.0008387196232757739
719838558,0,3.565302277307499e-06
718161708,0,0.008375922297669416
717382608,0,1.17081746011446e-05
711762408,0,1.973390732776101e-06
811571733,0,0.0002720386813344216
779403558,0,7.262573969477185e-05
718399233,0,0.0007276408089373507
711343233,0,0.0005544666528788287
779536233,0,5.7234010908731466e-05
718893333,0,2.2468101100225633e-05
716697708,1,0.9999104527271543
708788583,1,0.9995822682583241
713808633,0,8.356561704014325e-05
721210158,0,6.854784408731913e-05
789666333,0,0.0001394876641924855
710872233,1,0.32981943899296096
780497958,0,9.512853792980904e-05
798047583,0,0.0024179565595917525
817089408,0,5.4594789892618356e-06
787472283,0,6.123042493996386e-07
801786483,0,0.00044353560284784104
709040508,0,1.0899546090723602e-05
709257708,0,3.927701494176967e-06
753118533,0,2.7469133142221353e-05
812222208,0,0.0198890703422166
714187533,0,0.0027864233317548615
789180933,0,5.3288731878484516e-05
718140783,0,7.335509846131127e-05
713924283,1,0.975789075559421
713236458,0,0.0002560443359541391
816315558,0,0.0012387461029174996
770135358,0,4.9684154794396165e-06
714284358,0,7.96546691606111e-06
712965183,0,2.8884258910609613e-05
713668158,1,0.9912177493451181
784819758,0,1.0955781701770486e-05
712025958,0,5.101144622770863e-05
713653983,0,1.5062642018502148e-06
712619808,0,3.779989899908015e-05
710086308,0,8.987992510385634e-07
711781233,0,0.00011714020231753024
708254733,0,0.0018494759107726942
788930358,0,0.00022207267291087228
714361083,1,0.9996740589884812
713253858,1,0.9999283149908884
771020133,0,0.0025991570058862346
719593608,1,0.9998659870487276
714407058,0,0.00011814736575187416
721282908,0,0.000390132866780825
771507258,0,7.788616204712326e-05
716285358,0,1.0457269693992883e-05
711985833,1,0.14460783380667613
717182883,0,6.257575628402719e-05
714618333,0,1.2519211382652532e-05
709443633,0,4.093687245646683e-06
778180158,0,1.6481127236046484e-05
713755458,1,0.9999772188558507
767269908,0,8.996899775883805e-06
778231983,0,1.8551904958384283e-06
769911858,0,0.0002623556462472278
711866358,0,1.9328016430571857e-05
774437583,0,0.00011796254485620117
711232608,1,0.9998874132804264
721315233,0,7.287360886240458e-06
713401758,0,3.436001238795504e-06
769438608,1,0.9999021977505782
713172408,0,6.497435743805687e-05
778425408,0,1.886278020138083e-05
718611333,0,3.2215282222958996e-06
771400608,0,0.00034924658071551755
719990358,0,0.00028870543569471153
714250908,1,0.9999704949294558
715992558,0,6.205589290215763e-06
713181558,0,0.00111604868369722
793597833,0,1.79040223074226e-05
816013383,1,0.999871004635526
715518783,0,1.621620725277644e-05
779353083,0,0.005164502250239193
719881533,1,0.9994477117325933
792864858,0,0.0013391684487580819
808681158,0,0.001387421382239956
717390408,1,0.9989024749599201
720551733,1,0.9999430848601327
772273983,1,0.9999951131307421
720648483,0,0.0008374856915362712
721486908,0,4.5368383447386876e-05
716657058,0,0.00017905936932788028
713630733,0,0.0036642149742343944
718586133,0,0.00011453908884510511
717482658,0,0.00020942601140935715
718503108,0,0.00029174472805417264
714148758,0,0.09513817601536098
708902883,0,0.0003720239639598632
771499233,0,8.650451840229882e-06
714113658,0,1.3040205896580105e-05
713231658,0,0.00010630966270153167
708319908,1,0.9999147831659192
715629783,0,6.142673315721936e-05
820587258,0,0.0004444809748538016
771852483,0,0.0005202429214824907
712578933,1,0.9967000978416726
711263058,0,1.0866789920032004e-05
779405133,0,2.140655602860492e-05
716094333,0,6.268373066374652e-06
778837083,1,0.9919974589277023
712434708,1,0.9999910201205627
771431133,0,0.0004137116016222997
709716258,0,7.415963432833925e-05
710464683,0,4.1327493668418115e-05
787543008,0,1.5051210364448819e-05
709363383,0,5.089702855555568e-05
817988433,0,1.773199054180828e-05
717189183,0,5.585412835392142e-05
710854008,0,0.005008839055409403
714531108,0,0.00018425898463479356
778420383,0,3.065827520267189e-05
809068983,0,0.0008316401145037947
713131158,1,0.9998330253131562
709649958,1,0.9996333764760983
754886958,0,5.447640000849656e-05
713476758,0,1.9746617556968488e-05
709473708,0,9.753128311678927e-05
708190158,1,0.998215298623675
719813058,0,0.00010598472722345156
708158133,1,0.999565556553295
815826708,0,1.6638056623956093e-05
712682583,0,9.20446130310982e-05
714917583,0,3.1131403720465277e-06
711577458,0,8.285159476150832e-05
717623583,0,0.00010109475732160113
708899283,0,0.0036734832896520757
720249183,0,9.693873834825545e-05
718653333,1,0.9999961274111909
721424583,0,1.0932831397973107e-05
708451233,0,0.00029455630337361124
788122533,0,0.015947758773158172
708298233,1,0.9976515108982025
711935283,1,0.9998517547640341
769892058,0,0.0001037472188255822
717954333,0,2.2357081329086104e-05
820108008,0,9.758223859114062e-06
712840608,0,0.0004077474012267907
817240833,0,0.00011675757469707642
771051783,0,0.001111813151536378
779895108,0,8.728609456945966e-05
714811533,0,0.0006348434276670935
714945708,1,0.9837297555168614
712925808,1,0.9998388449530351
712302783,0,5.782289717983178e-05
710725383,0,4.7339025865755943e-05
708710283,0,5.991843750858521e-06
708382083,0,0.0009474530764404387
767404083,1,0.9999626394433389
773297508,0,0.0003906761523171481
717478983,0,0.0005420919548239142
709679658,0,6.327559385042378e-06
721427358,1,0.9999223392000609
718178583,0,1.6866126611358656e-05
718489608,0,0.0002167489552779085
721349883,0,0.009361861096739192
787505133,1,0.9987510960659931
711521958,0,2.0116410844676176e-05
708271833,0,0.0006849345680221333
711242058,1,0.9993086943300625
718524783,1,0.9997931015786015
715050408,0,0.00014859256713512818
757527033,0,0.004311810569861437
717580458,1,0.999408700157158
714938733,1,0.9999804541260415
719170683,0,3.405029480607407e-05
715347783,0,0.0023948350928162843
790108908,0,3.29083923669047e-05
789218433,0,0.0003931333483343678
789469083,0,0.00023053204405282783
715797783,0,0.00024941616754867754
713761608,0,5.943886692996411e-05
771669183,0,9.823268220885907e-06
779521533,0,3.405108651390065e-06
715554708,0,7.566647453315461e-05
767687208,0,1.3293984920528298e-06
708655983,0,0.0027112582905417133
720729108,0,6.806684608519619e-05
708722583,0,1.2512305733300952e-05
715371108,1,0.9993402403500542
797238108,0,9.325566868585572e-05
718640508,0,0.002877273741690809
709487058,0,5.783814394916507e-05
712948383,0,0.00021194979202240162
708469533,0,6.329157526048847e-05
709104333,0,0.008492011126771186
755420433,0,0.0004511018575321613
718996758,0,0.0003052055359621478
719445633,0,7.958260065259654e-06
709231683,0,0.00048750439840169736
708846183,0,7.069652515878203e-06
826723308,0,1.6360507990764598e-06
710825658,0,1.9479846322913007e-05
796931508,1,0.9999790237678039
808753758,0,5.1705614432137675e-06
789494133,0,0.00037574466143557185
816312633,0,0.005578037643891493
720029508,0,0.00011514523179418429
714971583,0,8.246328642858755e-06
789325008,0,0.00015174742188600327
713287608,0,0.006214000420036593
754872333,0,0.0007394149611142721
713573508,1,0.9999843029657328
718875483,0,2.851540555342709e-06
780237033,0,0.00013633371164781553
710363433,0,0.0007152973103498664
795232683,0,1.79881555824935e-06
719577258,1,0.9998951325332885
717400533,0,0.0031183027383702546
713047608,1,0.999646764147947
716645883,0,1.0765105309967707e-05
709707033,1,0.9998471437264407
711112683,0,0.0002929617855874833
799723908,0,7.107733900246173e-06
712290258,0,1.9421040592861333e-05
710462433,0,5.693291822334732e-06
812446158,0,0.000760307353856556
788741733,0,1.0366847089918188e-06
780201633,1,0.9998521780763077
713656308,0,0.00969035410298031
710749458,0,4.4361946845181244e-05
817142433,0,0.0009021762783138044
789491058,0,0.0049933284372877165
812488608,0,4.218814428775393e-05
710563458,0,1.54631161667923e-06
716013858,0,0.0001625725889311004
717890583,0,2.2636382983713602e-05
789540108,0,1.558498060053739e-05
708753633,0,0.00012546719105977362
772776033,0,0.0003959306704501014
751283658,0,3.8155198645348566e-05
711237633,1,0.9999454285675545
817197333,0,0.005781802675341113
718737708,0,0.00014400825334969338
710507733,0,1.9714537390248357e-05
712979133,1,0.9756600521078374
717975333,0,8.369239595205204e-05
787563858,0,2.585437758116281e-05
779442783,0,3.5798438447007265e-06
720608658,0,5.059820692838329e-06
714524583,1,0.999934738134596
713580633,0,0.0026534202624476557
712214283,0,1.2297736014677484e-06
720190083,1,0.9999983995276678
718394658,0,0.00017960052169674996
708615183,0,1.6868892882802402e-05
827476983,1,0.9595455920590248
803335008,0,5.499013115409759e-06
711658758,0,4.5377094500941356e-05
721232058,0,0.002261933197245498
809599158,1,0.9999708599201422
717127083,0,4.502730662287834e-05
709243533,0,2.6029952417929777e-06
711267633,1,0.9999603818345285
809849358,1,0.999203320155534
720708183,0,1.2842213114190185e-05
805259733,0,0.0012379563255970633
712660308,1,0.9998959214892007
714296358,0,0.0007809066372727013
823578483,0,8.832603400311739e-05
709749483,0,3.3099744656170916e-05
715215108,0,2.9809558813715162e-05
718415133,0,0.0037612966145327523
710500983,1,0.9927440429604144
714970458,0,7.644247809783473e-05
708931908,0,2.696109117678778e-05
749571633,0,4.8697314417560525e-06
801508383,0,1.548724021886843e-05
717185658,1,0.9999157605562032
812618883,0,0.00026142347023061665
819002508,0,2.8181558346247692e-05
710218233,0,0.00041533638829355354
719344608,0,0.0021597721215693266
718464258,0,0.0007266690791347005
710512833,0,0.001157755630928057
718032483,0,1.0826215632351797e-05
710159658,0,4.8457080130915426e-05
715765758,0,0.00012192017994191034
811700058,1,0.9920767722486152
806824908,0,1.2296656330783784e-05
712428333,0,7.330963830262353e-06
710971908,0,1.1576565720489607e-05
718011783,0,3.147905273048979e-05
721399833,0,5.502119026040812e-06
710975883,0,2.9070206605013484e-05
712420833,0,0.00015583372086328258
803115258,1,0.9999170545749688
721005108,0,1.6059417600037327e-06
788610258,0,2.2629341246628258e-05
716159958,0,4.7024765272493814e-05
789231858,0,0.0003895065595983102
719123958,1,0.999997883097226
719337408,0,0.06825606855054998
779486433,0,4.668488930307159e-05
817337958,0,0.0017682789405264973
712774908,0,0.0012816337786375604
813234108,0,0.0004968305653084405
792524358,0,0.0001698622244239145
719282433,0,0.0002110801123947257
720299283,0,1.4097857400114809e-06
709479558,0,0.0005486526084600331
716102583,0,0.0008854444121844552
713733633,1,0.9826923226985504
795155433,0,5.135586656260749e-07
711783483,0,5.90788841515759e-05
721532583,1,0.8978186875919822
714753258,0,0.0001610913048826879
721055058,0,0.00017408152028779072
720510333,0,1.2153863044109303e-05
718146258,0,0.005255604320046631
715664808,1,0.9999426364536925
719964933,0,1.0492767054239703e-05
709173108,1,0.9999762755030057
719722308,0,0.0021221472558334196
719666283,0,0.00020453086720285143
780006783,1,0.9999863264010166
715601808,0,0.00020652528546804506
769720683,0,2.8073662424947283e-05
765692658,0,9.941595433309906e-05
717819633,0,6.392824134917382e-07
718699683,0,5.572848417502144e-05
797169633,0,0.00013514656597934038
710636208,0,7.507864372112083e-05
709309308,1,0.9995474866385298
819690933,0,0.0001889334892952827
711615933,0,5.6570328751242634e-05
714933783,0,5.160179739442017e-05
778643733,1,0.998193688007246
712867983,0,0.016005655290000798
718939083,1,0.9998614652533048
713512308,1,0.9973052894529233
790123983,0,1.363947757098277e-05
711153783,0,4.764153484599037e-06
744483633,0,0.0006091575410442347
719971458,0,1.1226707828992546e-06
716506083,1,0.9998313629259377
716329383,1,0.9989743779379764
719719158,0,5.677831148791535e-05
716107158,1,0.9109201669913074
714477408,1,0.9956090258211352
773146383,0,0.006281348152688138
708635058,0,2.183591128154071e-06
803421108,0,0.0005829856201010124
716210283,0,2.397761331664208e-05
711315783,0,0.0014809502698801423
712489158,0,0.0007578371558556483
718576908,0,9.788551032624807e-05
753208833,0,0.0022175960548604145
798546408,0,5.186866714678754e-05
827114058,0,8.989733398388919e-05
771453033,0,0.0018514495644906847
718452633,1,0.9999916326424448
718026858,0,9.469945596263753e-06
721181883,0,0.0003492603480951427
717609633,0,7.619834857937204e-05
710927733,0,0.0002461197860981464
711551958,1,0.9999786420906862
716365233,0,0.00013437334317964136
783121008,0,3.340098018897207e-06
716780283,0,0.0001689324511011317
718471758,0,7.86719460854391e-05
756571983,0,0.0015329772613720373
714700158,0,1.0712288913503288e-05
794191008,0,1.4093016978580275e-05
711000933,0,6.806503801801506e-06
789025083,0,5.147880333389577e-06
717074283,1,0.999486103697008
714243408,0,0.00024100486843165267
716462658,0,0.0017584455446836471
719944458,0,1.2373138738743307e-06
718866633,0,5.049702719542043e-06
714247458,0,5.585557984580875e-05
783910008,0,1.72606722244286e-05
714294183,1,0.9999784961642056
789530208,0,0.0034498609692526416
714389058,0,1.18585549314814e-05
772661808,0,2.6776699748782803e-06
710135058,0,0.00010016639979085074
716805408,0,5.01034968820495e-07
789304983,0,0.0006162764627613781
743912958,0,5.6344526679362186e-05
715311183,0,1.5902018171499733e-06
720264783,0,1.3818550261579947e-05
788771733,0,5.826770618841408e-07
711724083,1,0.9844687610314528
717628608,0,0.0029505197893046997
712319058,0,0.0006412123191606375
772231233,0,0.0010264658281081607
715315008,0,0.004431702292004527
778853358,0,0.0024502646606758692
714581358,1,0.9999823044806236
710810883,0,4.472685189393939e-06
709879458,0,0.00031648024975266837
811970808,0,0.0005929781242467504
720015183,0,8.421504037466158e-06
708907833,0,8.012126913548388e-06
826261008,1,0.9999768117960607
794682483,0,7.851756676761573e-05
708098133,0,9.283952117406598e-05
711069483,0,0.0018907783031538675
709537683,1,0.9983208599198257
710770383,0,0.001480571600003705
809811858,1,0.9998751468924482
772216833,0,3.643548286612653e-05
717830583,0,7.419522494253257e-07
713779908,0,8.282074745996694e-05
712507758,0,8.411488299219345e-06
716093133,0,0.0006596189735780871
817382958,0,7.831206131991114e-05
714400308,0,1.138473969404482e-05
789466008,0,2.3730613412514317e-05
710289783,1,0.9772851015281686
712659408,0,4.1459964822512697e-07
788791383,0,0.0005953660583735185
709822008,0,9.813910320467025e-05
816615633,0,0.013060471370999773
718521258,0,0.003997505530469069
713533983,0,8.322137260730132e-05
709444983,1,0.999462818726738
717405408,0,3.621564599599511e-06
753226158,0,1.9914503264913958e-05
780384483,1,0.9995611333592919
720096558,0,0.000716666343208368
778567983,0,5.524091907159851e-05
711649908,0,1.0149911142043674e-05
718038483,0,5.242707156833932e-06
719519058,1,0.9998579458134723
770985633,0,0.00033934350442682554
713600958,0,0.0002925662762057597
719801508,0,7.921522516752228e-07
713686008,0,0.0001787017977342789
720401658,1,0.998178696577236
715572783,0,4.928253461479969e-05
817908783,0,4.7631279181054345e-06
712361583,0,0.0006486878524214699
709108533,0,7.482553161544705e-06
718490658,0,0.0007416114879225567
790006383,0,0.004336170209162242
710744433,0,0.0009414228047620964
780865308,0,0.0009157701650725505
716643033,1,0.9999953602672527
789241308,1,0.9999796288789956
721344858,0,0.0006311414421165332
717050883,0,4.60165129441975e-05
788979258,0,4.7579466393460974e-05
719125158,0,0.009740232982373599
709545333,0,5.223445889304289e-05
721165608,0,2.0372604256561146e-05
714652383,0,1.982150344929765e-06
737921733,1,0.37054804916098105
804428958,0,6.021315460137498e-06
720075558,0,0.0003939055284559054
769676358,0,1.3975497489583494e-06
716378658,0,0.005971022511804221
714479358,1,0.9970653407288664
712141683,0,0.001484504565433586
710005683,0,2.5824096667143012e-05
721228308,1,0.9999953721698305
758833758,1,0.30840549297160263
787565433,0,0.0007275214880023953
780253533,0,0.0005537924065342683
714595983,1,0.999998534115696
709547658,1,0.99987135886943
711801933,1,0.9999035066430183
715808808,0,4.3577067902397e-05
711294258,0,4.566564921243154e-05
708542283,0,0.0008149737810772698
787514433,0,4.870592886377175e-05
779773533,0,0.001809884644356688
807964908,0,1.0847729164662785e-05
757753083,0,0.0016405772209005585
779331558,0,0.00022619480272812413
799026633,0,0.00293936458135051
719898108,0,5.29026672811663e-05
711252258,0,0.0001492785025410081
719724933,0,8.881303946937692e-06
715413483,0,3.128756710471464e-05
751518633,1,0.9971208344969987
742552683,0,2.7434043180628876e-06
756598833,0,0.0002440249332645241
794562783,0,7.439256133933493e-05
779942808,0,4.3097999332930485e-05
789151983,0,3.905825590617835e-05
779598183,0,4.626015460614237e-05
720714933,0,1.2683655262364182e-06
708536283,1,0.9995632293723905
714548733,0,8.105571464757952e-05
713796033,1,0.9934580949810353
770817783,0,0.0001251767614578642
716032233,0,1.0278449446675344e-05
719806233,0,7.106024962933715e-05
712835433,0,0.0001227607707656599
713975433,0,3.831761486047684e-05
715076358,1,0.9970501490507647
720731808,1,0.9984306619665474
714616308,0,1.339763383470078e-05
717502083,1,0.9975057646666885
789362058,0,0.0004937259116391408
794530608,0,0.0005006791423137476
709007883,0,3.258833919032467e-05
709219533,0,0.0001114193201316441
787723758,0,8.065249786598196e-06
710968008,0,1.877513753610183e-05
780638958,0,2.7159496618984976e-06
716951658,0,0.006793042961008523
715956258,0,0.0017131338300615737
785119833,0,0.004302255742267087
710723958,0,0.00022091925646070245
714011358,0,8.437369588056705e-05
717724233,0,0.0002813009972361566
754671558,0,0.001495315524387733
794514108,0,4.9482524623149615e-05
719385558,0,0.011932021956684824
712637283,0,0.0003012175856099369
714222183,0,3.2080175470223276e-05
709175208,0,1.2256952460690798e-05
717112533,0,0.01083240559605821
714426783,0,2.3333535757719955e-05
721448283,1,0.9996740129461507
782548758,0,8.687563309818252e-05
717561108,0,1.747555071533351e-05
720585183,0,0.0008985837128885926
714643983,0,2.941413740061188e-06
712291308,0,3.415601380428825e-05
713036208,0,1.746825214677328e-05
709979583,0,0.00031010624432888063
717517758,0,0.00011677510673970452
717271983,0,9.971829881914141e-06
718528008,0,8.295847305433892e-06
719118708,1,0.9998889553710654
708657033,0,6.795784529164847e-06
717489033,1,0.987059878128891
818926833,0,0.005835800030168852
708338958,0,2.222875443522527e-05
827683383,0,3.915081183128059e-05
717099408,0,4.875487734144009e-05
716878533,0,0.00012599988559937607
797410983,0,0.0007323287375033044
789625383,0,0.002836649528159596
709701558,0,2.1553464038111896e-05
708334158,0,0.0001030942351755972
710638233,1,0.997767184924867
794496033,0,1.610238329791207e-05
709738008,0,3.563157209137078e-06
808756458,0,3.368136865199853e-06
710982858,0,1.3172803970084974e-05
718451133,0,0.0004962690760697069
717991533,0,6.627449591505939e-07
713104458,1,0.9999600462764014
715783758,0,7.5492316124098e-07
716891583,0,5.136438994063129e-05
714557583,0,0.0022757180504303586
714840858,0,1.7404286985293624e-05
788911458,0,3.265377197842309e-06
712521783,0,0.0007087360586962278
716756133,0,4.653767051296126e-05
793550958,0,0.0003641146291687355
768687183,0,3.0741816388901234e-05
778170633,0,1.4582881230212604e-06
789307833,0,0.0005236716305097462
718291233,0,7.790584233325318e-06
718984533,0,2.699766449835882e-06
794293908,0,0.00039508194523231883
708829758,0,0.0006314288888965347
717016833,0,6.731441326207662e-05
711339258,0,1.964155477783944e-05
708754833,0,7.654271068459916e-05
716773533,0,0.00020628279581739442
788896983,0,8.321775670115704e-05
715694433,0,2.4584575221694336e-05
708403308,0,0.001144281966676194
715511658,0,5.393522182666749e-06
717327783,0,6.906687859813514e-05
717384183,0,0.0010039165962313914
818929158,0,0.0004359128749088544
789539058,0,0.0027879843755072974
718357458,0,0.0013366895539960676
709530408,0,7.23153476898992e-05
826245858,1,0.9972633014542882
716800908,0,0.00031671510566270034
714425283,0,2.820330563884354e-05
718345233,1,0.35518254811842276
713128833,0,0.004670435632306125
769577358,0,3.911765684310278e-05
758824608,0,1.692925607950997e-05
716742483,0,0.0008770862242979967
710905908,0,3.2899424196854304e-05
712902483,0,1.4819283097192394e-06
772105608,0,0.00037769494707076733
809951133,1,0.9612840526810147
710015733,1,0.9999093408121508
716893683,1,0.9998353898044349
788808633,0,6.462519456543992e-05
714100008,1,0.9989618557236757
717211608,0,0.00028996064065094096
711008508,0,5.805403892787203e-05
712899333,0,0.0022296367310870274
714091983,0,1.0789773642316796e-05
802878408,0,0.0014033611969707861
715958583,0,8.35967581371163e-05
716142858,0,6.628895296295738e-05
720449208,0,3.7220589067544227e-06
739021908,0,0.00022471401143140003
817035108,0,4.412130420133123e-05
718957083,0,6.362870854749976e-07
712084383,0,7.199588083853028e-06
771952683,0,0.00010867505392528001
719782458,0,5.407407890698938e-06
721164483,0,5.9882355954242244e-05
806989008,0,2.340331999142547e-06
709624533,0,0.0005660923192858389
710570058,1,0.9995705407987238
713114133,1,0.9998180285743412
771224358,0,0.00014268711717452958
809440008,1,0.9999934204455206
785515533,0,0.0004495298074943182
713709258,0,5.9211072794778126e-05
708104658,0,0.0066449162339944886
817958733,0,5.584766726772917e-05
721183983,0,6.434377223178701e-05
810220833,0,2.958367885251835e-05
713373708,1,0.9999898507932076
715710708,0,6.771154047150449e-07
717443658,0,3.144717979412111e-05
717915783,1,0.999463901428036
779217333,0,6.442593293209609e-06
710794983,0,9.400570466076078e-06
795855258,0,0.0016101264889869476
788719533,1,0.15055319989122362
720782658,0,2.022207494989494e-06
720034983,0,0.0029219288125704734
713536158,0,3.2514352818431644e-06
755262933,0,0.00011283637916251791
719136183,0,3.436087505857438e-05
715898058,0,4.0511876464285804e-05
716315508,1,0.9994494023939945
788667408,0,0.0010227301937773495
768949983,0,0.001248006970044637
778882758,0,5.1463078778412116e-05
709465758,0,0.0001194108222168236
719781183,0,0.00014428443990206663
720101658,0,0.004872911519418709
713782608,0,1.653741096935249e-05
802101858,0,0.001646104104628788
708757233,0,5.697255460993544e-06
709711758,1,0.999820648107634
772000533,0,0.0004013047418912904
720827133,1,0.9999891633955896
789903708,0,6.357297978707301e-05
719855958,0,2.849093286226294e-05
713254983,0,0.001213785166848473
709120008,0,0.05099418716059707
720927183,0,7.571298454720068e-05
716875083,0,0.0008263824215407998
716988633,0,5.117848566360727e-05
711553308,0,5.701742374060425e-05
788802483,0,3.2468745693553424e-06
708908883,0,0.00010394032617493252
712644483,0,4.5917268452131944e-05
716311683,0,6.877079739233687e-05
779707308,0,0.00034277936186193634
720595083,0,0.0001624029505569193
715034358,0,0.00033429347222823963
720897783,0,2.076691487779336e-05
826513233,0,0.0007686409545227646
826065258,0,8.274160909068673e-05
772426383,0,7.3041684816938544e-06
717972408,0,3.25215190786274e-05
708888633,1,0.9999913782818372
714916758,0,0.00011660818618222502
710888883,0,6.963007494916681e-05
717296808,0,0.0002665451766349065
713847858,1,0.9988528372163042
768728508,0,1.8191959052169273e-05
762020133,1,0.9999940681116982
710706558,1,0.15659497685812937
709278258,1,0.9949074037311366
710679933,1,0.9957295310905718
713152383,0,0.00011999151508683771
771429408,0,0.00025328644864713
770721858,0,0.00014233328380194502
778686408,0,0.00012534107964001478
771682533,0,0.0001559212432654722
712378983,1,0.9762201039715874
714615258,1,0.9997537951832967
713027058,1,0.9999734379566605
789485433,0,2.823692170100891e-06
716368008,1,0.992975842769051
771935283,0,6.837950912047876e-05
779315508,1,0.9972151854156188
794843883,0,0.00032527182561801566
822084333,1,0.9997481189917808
714893733,0,0.0007064960054499866
719474583,0,0.0013160638746486449
717141858,0,2.812693467308525e-05
712714008,0,1.026934804837745e-05
719570733,0,6.694138098371011e-05
720980958,0,0.0003742842688911097
720964683,0,0.0006805656126256418
718263108,1,0.9927367560704514
789101883,0,0.0002698277929727601
809292483,0,0.0025785921811457015
778973658,0,0.0001938489829115499
708560733,0,8.55970531622366e-05
721171008,0,0.00028515046037604243
781297983,0,0.00047374281616296076
778228458,0,0.01439622876362261
797668983,0,3.259305535446084e-05
713492583,1,0.9999244524985564
715799808,1,0.9998756644047383
711647808,0,3.90010526802053e-05
720840108,0,0.0002606675371111499
711349083,0,0.04654936133360437
721247883,0,2.228956272566978e-06
720497958,0,0.0023043041686604234
719466558,0,0.0006846642643245694
753220383,1,0.999943838383995
757481283,0,0.0007269880950842169
778506633,1,0.9999878560673976
819634233,1,0.9999338322413218
753795633,1,0.9996997488730075
715435758,0,4.983847802903565e-07
772063308,0,9.78244296687106e-06
718205283,0,4.652211720301798e-06
720863133,0,4.144893955185469e-05
709288383,0,1.4524253795132983e-06
709213458,1,0.9999772116173594
708670608,0,5.914920807851472e-05
709150608,0,0.008936173241995358
713105508,0,0.0006177034606139913
716303583,0,1.8723117509320783e-05
787669233,0,1.621017047303865e-05
771488583,0,0.00011293291937689313
708269583,0,1.0564984680559995e-05
779809908,0,7.040681509196429e-06
720973833,0,0.0009019222026038422
720236433,0,2.6440950648161822e-05
717895833,0,5.661666450696636e-06
718921683,0,1.96220135541505e-05
713828208,0,0.003632011118313982
779241783,0,9.309897611382025e-05
797241108,0,1.5863072980442663e-05
716635758,0,6.05979705401834e-05
714536208,0,0.0020363568961132995
709372608,0,8.304273711528767e-06
769574883,0,0.03692272143852251
718286658,0,6.772953213365389e-06
714839808,0,1.4801091197146912e-05
718342158,1,0.9979518286460318
778573233,0,1.1260390744394378e-05
715680933,0,0.00044403113700930993
708396033,0,3.575428589093571e-06
713356833,0,0.00017639425482590025
814593858,0,0.00021458180218056867
771592458,0,1.8764959362664577e-06
827631483,0,4.2738520493737306e-05
811721133,0,0.00021442103895989001
720443358,0,6.371447211004545e-07
709477233,0,2.2513970561838185e-06
711942783,0,0.0002478163120963743
768848658,0,0.00017261698943008986
788772708,0,1.5223969795786406e-05
717109983,0,2.1663111362189553e-05
712128258,0,0.01096967331511508
720621408,0,0.040554235418267
710295858,0,9.31925105369721e-06
714647808,0,9.365912626285433e-05
712374708,0,8.385584047524941e-06
715547058,1,0.9999919762144927
720539583,0,0.00012395202640922497
712952283,0,4.9550859442500645e-06
710475408,0,4.982216138132105e-05
715007583,0,1.2443924911689383e-05
713061558,0,0.045727742397228766
772288758,0,3.835478259137822e-05
713977308,0,8.370134270462518e-07
801064833,0,2.2644103562006263e-05
708129933,0,0.00014174892252812372
789167658,0,0.005246582882022792
720286908,0,2.6427437482571046e-06
716565258,0,0.009306261428973627
708564858,1,0.9993884430865104
778895883,0,2.1485338788761735e-05
709410033,0,0.0001837110444711704
710745633,0,2.4106928868768685e-05
709008708,0,2.2760206785131284e-05
714738858,0,9.290614530854752e-07
713639058,1,0.9999817169820187
719739108,0,0.0022762363311343917
826079508,0,2.935028395025423e-05
710795883,0,1.1396766209313653e-05
710404533,0,0.00010704845472383561
719359458,0,0.009511041317624699
821837958,0,0.0003938205561374327
710691633,0,3.17741658954549e-05
779296908,0,0.013554864084702382
710797833,0,0.00014941930087106946
804337233,0,1.2485588296113635e-05
713823033,1,0.9999880729181593
720076458,0,2.5837900080128035e-05
809818008,0,6.809819062783948e-05
717376758,0,6.054577745620156e-06
795844983,0,1.783409720727448e-05
789368658,0,0.0006956928125981048
720462633,0,1.7348961780689674e-05
708938508,0,0.00015640545499882419
709560258,1,0.999274925208319
717513933,0,7.792399734924317e-05
711113958,0,0.0014141203572289197
713995233,0,9.558575405273048e-06
717906783,0,0.0012243135972682113
716516208,0,0.0002753796104070637
756658083,0,0.0003785908860688515
718692258,0,0.00014702131692469927
719816583,1,0.997806724381669
787578183,0,5.772301294874038e-07
788699808,0,0.005839852415056941
809320908,0,0.00012762195468246854
789942033,1,0.9964275787084146
714006333,1,0.9963769331244146
710813733,0,0.00023965589472473895
711679533,0,0.003396604293537387
709212183,0,0.001724995414766405
807523008,0,3.5854703593229725e-05
787480158,0,1.1729289065794151e-05
711272058,0,2.307210275402613e-05
720033033,0,3.115627170112701e-06
794124708,0,0.00025537889163754424
790164408,0,0.0012089781045043315
714831033,0,0.0005356644586455114
718731183,1,0.9998351903495057
827888433,0,0.000283118974977232
711992133,0,6.171281898468753e-06
711809283,0,0.00032770028177523286
714574083,0,0.0009486386428215828
769189083,0,2.4755403838076985e-05
711968358,0,1.6205156850990036e-05
711750183,0,0.00014539037774085332
716511483,0,0.000163323528951923
800869758,0,1.847426217637706e-05
715235808,0,2.744659394102991e-06
714199983,0,4.811441773160614e-07
718540308,0,8.031612035313277e-06
716460933,0,6.801559119041516e-05
780277458,0,6.707268934910126e-06
798011733,0,2.2132644480129484e-06
714046608,0,0.0001830285729503853
713396358,0,0.00016258549973710776
714005508,0,0.00025757868988676946
717444558,0,8.220536192231848e-06
713905608,0,6.268835939224389e-05
711126483,0,0.00020656583889318606
714602658,1,0.9999740145693793
716019333,0,1.95471375432811e-06
714869958,0,3.4371456581577784e-06
778459833,0,0.00028389986767321653
789309558,0,0.00071836045249411
756736008,0,0.00024005716984848796
779883933,0,0.0001565116422261769
709343433,0,0.00028098009804728346
806908608,0,8.271554149889716e-05
720521808,0,0.0016126397068374318
709523508,0,0.00042444927397934396
708373083,1,0.9969583008843617
713325108,0,0.0008483131644193561
819214233,0,0.0014115074042892666
713188383,0,0.0008840968207581967
770778108,0,4.960475885938692e-06
716610558,0,0.0012466772224021842
715174158,0,0.0006157187673549237
779608083,0,0.00022556655987315285
780200208,0,0.00039529323972731646
718675158,1,0.9998268854905215
817977933,1,0.9990929632634372
755273658,0,7.270195204355893e-06
715022133,0,0.0007312753346266371
719804208,0,5.750001572432583e-07
780056733,0,8.964343690512296e-05
780373233,0,4.9193554178073577e-05
817188408,0,9.869044878261932e-05
772073508,1,0.9999842161353474
803805483,0,5.478413677905902e-05
717823383,0,1.7265933960440488e-05
789907533,1,0.9995837584110709
788259558,0,2.309919852566472e-05
815515158,0,2.309234122162546e-06
713884458,0,0.0004408875399100723
789717708,0,1.2289838942527068e-05
708160008,0,3.4607110425549944e-06
708702258,1,0.9995779705948364
789023508,0,6.375485814819015e-05
719265108,0,0.0003514506419301444
813213558,0,0.00042766741189401766
802460433,1,0.999995024666675
717995958,0,5.62880758725813e-06
710697408,0,4.689128851564747e-05
805458933,0,0.00024951034076781543
713850783,0,0.0005151559859879479
713876958,0,0.00010357733426149476
718926258,0,0.00014293810898991072
717585858,0,3.338026005786045e-05
710303208,0,0.0006656543559982445
770647233,0,0.0006509629930471678
715459158,0,1.7340005159712886e-06
789185508,0,0.00015008115804715963
779305008,0,0.00034737203473522753
713343333,0,1.3980881483508876e-05
749067633,0,0.0016636629968065262
811713408,0,2.9439076641751336e-05
789990333,0,0.0007036981539133195
788770908,0,0.000832582985394878
709411383,0,1.679646259753762e-05
708361833,0,5.721409892839671e-05
712801758,0,9.101949228763186e-05
721179708,0,7.598507858741003e-05
708511983,0,1.134591595118342e-05
711388458,0,0.0006056364957427492
720486408,0,0.0006558370631734763
709157133,0,0.0002146820610146868
712240083,1,0.9999497334560141
782802033,1,0.9998805347487428
712091433,0,0.0003923981505313978
720494058,0,4.01157991437704e-05
710277183,0,1.934665305379993e-06
789804933,0,1.2046701790563662e-05
719022558,0,4.456253439261888e-06
714573258,0,0.002550913634763721
709919283,0,0.00011483161149238997
716481408,0,0.0007925500473127057
719038008,0,0.00040704347215417123
793456983,0,1.037775561044392e-05
720597108,1,0.9997236563195553
715233108,0,6.492636159238871e-06
709220583,0,0.005518320101607431
779324358,0,0.02218446892027674
712112733,0,5.435103945627585e-05
714443058,1,0.9999425405456677
711109908,0,7.507579073946456e-05
717464958,0,0.001262871159233406
713701533,0,2.9139667757422768e-05
772565883,0,4.488115440171007e-06
758765808,1,0.18300051550901264
716851908,0,0.0007964063915643995
721500108,0,4.695529364445982e-05
820268358,0,9.118612544745914e-07
717171408,0,0.0010048118463944703
713567958,0,3.354513709260411e-05
716512383,0,0.02929458598767123
713008308,0,0.00042220729623273687
780942633,0,0.001026298188089818
716249508,0,6.609168942271424e-06
714909108,0,0.00015192187383082311
778708533,1,0.9997546351646945
772725408,0,1.047508397432029e-05
709534083,1,0.9999680936362496
817144458,0,7.500093858219737e-06
807157833,0,2.607402651538758e-06
716371308,0,0.0005781645729414154
716332533,0,8.661901476815372e-05
716924958,1,0.9998558940930031
720904233,0,0.0005421939450111777
711964533,0,9.200165856435447e-05
788715483,0,1.6275078863702185e-06
788832033,0,2.7128814130785687e-05
716022258,1,0.9994457374723583
712208658,0,1.1668250144727129e-05
710482533,0,2.0531510836403228e-05
717661908,0,3.8134010495864694e-05
720254883,0,0.0003516090866388897
719532108,0,0.0052576646437436135
779610033,1,0.9996090939952291
819977058,0,3.400150009175365e-06
772202058,0,0.0005475197711542012
717658758,0,3.9588263559926373e-05
720467583,0,9.464994354014707e-07
713314533,1,0.9995522708800868
719318583,1,0.9997700437206768
789122808,1,0.9998058251199511
708525108,0,8.593526094670932e-07
779662308,0,2.779986853726926e-05
717180633,0,0.0006494780661978431
713000058,0,0.004116093325492031
709747308,0,2.909144168909362e-05
712235433,1,0.9999019455942978
712405908,0,1.8273896606119905e-05
778885158,0,6.941917935959485e-06
789143283,0,3.3539047504913188e-06
721233033,1,0.9994787974054922
718486608,0,2.7008825969029767e-06
713249883,0,8.472037483818075e-06
797743233,0,2.9678983303012253e-06
778346283,0,0.0005385008811014806
721113333,0,0.00010255431912235077
720707283,0,0.011908358858162478
788997408,0,0.0008619871451575023
710456658,0,6.944229093521009e-06
808796208,0,2.2856484171535058e-05
713685033,1,0.9999557795609055
788912658,0,1.560513990932262e-05
712157958,1,0.9994949677187478
711148308,0,1.374448227495928e-05
719117433,0,0.002974100745828917
